uid,from_uid,epoch,loss,mae
0,,0,494.3515319824219,20.215063095092773
1,,1,312.3409118652344,15.282854080200195
2,,2,147.84666442871094,9.673142433166504
3,,3,65.1723861694336,6.039118766784668
4,,4,38.919918060302734,4.511434555053711
5,,5,27.29041290283203,3.6943492889404297
6,,6,21.76991844177246,3.272493362426758
7,,7,19.418399810791016,3.065173387527466
8,,8,17.12459373474121,2.9000179767608643
9,,9,15.844255447387695,2.771761417388916
